Name,Age,Contact No,Blood Group,Gender
,,,,
shivi,13,7889004509,A+,Female
,,,,
Name,Age,Contact No,,
,,,,
abby,18,7889008590,A+,Female
,,,,
Name,Age,Contact No,Blood Group,Gender
,,,,
harry,65,9878665789,A+,Male
,,,,
shivangi,18,6378645096,A+,Female
,,,,
shivi,15,9856770345,A+,Female
abby,78,9878550745,A-,Female
harry,56,9056836623,A+,Male
harry,78,7889106583,AB+,Male
harry,78,7789106583,A+,Male
harry,78,7789106582,AB+,Male
harry,78,7789106581,AB+,Male
mohan,3,2904695637,A+,Male
rohit,23,3429673905,AB+,Male
rohit,23,3429673904,AB+,Male
raju,3,2447398457,AB+,Male
shivi,18,2225679374,AB+,Female
harry,56,2309885643,AB+,Male
ansh,69,420420420,O+,Male
ansh,69,420420421,A+,Male
jasleen,16,56789,B+,Female
harrry,45,637496738,B+,Male
arnav,16,12345678,B-,Male
arnav,16,12345986,B+,Male
shivi,4,986756,A+,Female
shivi,15,7638298373,B-,Female
shivi,15,763829836,AB+,Female
